{"cameraMode":{"drawMode":0,"name":"Shaded","section":"Shading Mode"},"sceneLighting":true,"audioPlay":false,"sceneViewState":{"m_AlwaysRefresh":false,"showFog":true,"showSkybox":true,"showFlares":true,"showImageEffects":true,"showParticleSystems":true,"showVisualEffectGraphs":true,"m_FxEnabled":true},"in2DMode":false,"pivot":{"x":0.05036056041717529,"y":0.9660704135894775,"z":0.6510188579559326},"rotation":{"x":-0.03259056806564331,"y":-0.9025561809539795,"z":0.06913954764604569,"w":-0.42402443289756777},"size":0.9096370339393616,"orthographic":true}