{"cameraMode":{"drawMode":0,"name":"Shaded","section":"Shading Mode"},"sceneLighting":true,"audioPlay":false,"sceneViewState":{"m_AlwaysRefresh":false,"showFog":true,"showSkybox":true,"showFlares":true,"showImageEffects":true,"showParticleSystems":true,"showVisualEffectGraphs":true,"m_FxEnabled":true},"in2DMode":false,"pivot":{"x":0.3087238669395447,"y":1.602691650390625,"z":0.30059635639190676},"rotation":{"x":-0.05712165683507919,"y":0.9064051508903503,"z":-0.13003164529800416,"w":-0.3979274332523346},"size":1.0481572151184083,"orthographic":true}