{"cameraMode":{"drawMode":0,"name":"Shaded","section":"Shading Mode"},"sceneLighting":true,"audioPlay":false,"sceneViewState":{"m_AlwaysRefresh":false,"showFog":true,"showSkybox":true,"showFlares":true,"showImageEffects":true,"showParticleSystems":true,"showVisualEffectGraphs":true,"m_FxEnabled":true},"in2DMode":false,"pivot":{"x":-0.17045176029205323,"y":1.1006383895874024,"z":-0.01673591136932373},"rotation":{"x":0.012398025952279568,"y":-0.9657917022705078,"z":0.25485464930534365,"w":0.04696975648403168},"size":1.0052886009216309,"orthographic":true}