{"cameraMode":{"drawMode":0,"name":"Shaded","section":"Shading Mode"},"sceneLighting":true,"audioPlay":false,"sceneViewState":{"m_AlwaysRefresh":false,"showFog":true,"showSkybox":true,"showFlares":true,"showImageEffects":true,"showParticleSystems":true,"showVisualEffectGraphs":true,"m_FxEnabled":true},"in2DMode":false,"pivot":{"x":0.6323492527008057,"y":1.059152364730835,"z":0.6398670673370361},"rotation":{"x":0.09023033082485199,"y":-0.8806507587432861,"z":0.18796484172344209,"w":0.4258621633052826},"size":2.6835849285125734,"orthographic":true}