{"cameraMode":{"drawMode":0,"name":"Shaded","section":"Shading Mode"},"sceneLighting":true,"audioPlay":false,"sceneViewState":{"m_AlwaysRefresh":false,"showFog":true,"showSkybox":true,"showFlares":true,"showImageEffects":true,"showParticleSystems":true,"showVisualEffectGraphs":true,"m_FxEnabled":true},"in2DMode":false,"pivot":{"x":-1.044705867767334,"y":1.7418326139450074,"z":0.37650066614151},"rotation":{"x":-0.26962515711784365,"y":-0.17137856781482697,"z":0.048731230199337009,"w":-0.9464951157569885},"size":1.5602654218673707,"orthographic":true}