{"cameraMode":{"drawMode":0,"name":"Shaded","section":"Shading Mode"},"sceneLighting":true,"audioPlay":false,"sceneViewState":{"m_AlwaysRefresh":false,"showFog":true,"showSkybox":true,"showFlares":true,"showImageEffects":true,"showParticleSystems":true,"showVisualEffectGraphs":true,"m_FxEnabled":true},"in2DMode":false,"pivot":{"x":-0.008365154266357422,"y":1.61808180809021,"z":0.11804342269897461},"rotation":{"x":0.05459212511777878,"y":-0.8467632532119751,"z":0.08949075639247894,"w":0.5218938589096069},"size":6.065144062042236,"orthographic":true}