{"cameraMode":{"drawMode":0,"name":"Shaded","section":"Shading Mode"},"sceneLighting":true,"audioPlay":false,"sceneViewState":{"m_AlwaysRefresh":false,"showFog":true,"showSkybox":true,"showFlares":true,"showImageEffects":true,"showParticleSystems":true,"showVisualEffectGraphs":true,"m_FxEnabled":true},"in2DMode":false,"pivot":{"x":-1.467133641242981,"y":2.1081559658050539,"z":2.1700329780578615},"rotation":{"x":0.0028146395925432445,"y":-0.9958797097206116,"z":0.034384578466415408,"w":0.08566682785749436},"size":3.0733253955841066,"orthographic":true}